Video ID,Title,Channel,Channel ID,Publish Date,Description,Tags,Category,Duration,Views,Likes,Dislikes,Comments,Favorites,Video Link,Definition,Caption,Licensed Content,Projection,Privacy Status,Live Streaming Details
xwIhGMV6myk,"I Spent 1,000,000 ROBUX on KJ ADMIN MOVESET in The Strongest Battlegrounds ROBLOX #shorts",STUD,UCGa_1uanLCDTDdQun1NhrLg,2024-07-13T11:30:22Z,"Roblox the strongest battlegrounds funny moments stud goobers

free kj moveset new ultimate mode five seasons

#thestrongestbattlegrounds #roblox #robloxedit #anime #bloxfruts #stud #goobers",,20,PT22S,247114,13283,N/A,543,0,https://www.youtube.com/watch?v=xwIhGMV6myk,hd,false,True,rectangular,public,{}
zvtfDqPcK2g,"Cool items!ğŸ˜New Gadgets, Smart Appliances, Home Utensils, Inventions For Kitchen #shorts",B8V9 Shorts,UC8RnkTFBnFYfBbL3iiygAag,2022-11-02T02:27:53Z,,,22,PT10S,124095120,1479079,N/A,633,0,https://www.youtube.com/watch?v=zvtfDqPcK2g,hd,false,True,rectangular,public,{}
EYcYfFYJPZ0,This is the best potato salad I have ever had! Now I only make it like this!,SuperYummy,UCfx_nR5Dlg4s0qqzND5D16w,2022-02-16T13:58:33Z,"MAKINGS:
4 potatoes
1 teaspoon salt
2 red onions
green smell to taste
1 teaspoon black pepper
1 teaspoon salt
1 tablespoon vinegar
olive oil to taste
oregano to taste
.
Click on the link below and access hundreds of delicious recipesğŸ‘‡ğŸ»
beacons.ai/superyummy",,22,PT1M,1209201,27592,N/A,974,0,https://www.youtube.com/watch?v=EYcYfFYJPZ0,hd,false,True,rectangular,public,{}
cGJBn-F2bVQ,Spring roll peanut sauce,Jeanelleats,UCU03NklypYW1AAIoNE2Vh1g,2022-04-07T16:00:30Z,"Check out recipes on the blog: https://jeanelleats.com/

#peanuts #vietnamesefood #vietnamesecuisine #springrolls #foodandtravel #shorts

â˜¼ My cooking and camera gear: https://kit.co/jeanelleats
(Some of these are affiliate links, and they support this channel at no additional cost to you!)

ğŸ¡ FOLLOW FOR MORE FOOD VIDEOS ğŸœ
Instagram: https://www.instagram.com/jeanelleats/
TikTok: https://tiktok.com/@jeanelleats","jeanelleats,street food,filipino food,asian food,food and travel",22,PT46S,399380,36222,N/A,232,0,https://www.youtube.com/watch?v=cGJBn-F2bVQ,hd,false,True,rectangular,public,{}
JZWIT32NLGk,The Samoan Werewolf Jacob Fatu has been unleashed!!!,WWE,UCJ5v_MCY6GNUBTO8-D3XoAg,2024-07-13T02:28:19Z,,"wwe,Smackdown clips,smackdown highlights,smackdown winners,wwe smackdown highlights today,smackdown tonight,friday night smackdown,wwe smackdown,smackdown 2024,smack downs highlights,jacob fatu,tommaso ciampa,johnny gargano,the bloodline,wwe bloodline",17,PT55S,446258,32786,N/A,707,0,https://www.youtube.com/watch?v=JZWIT32NLGk,hd,false,True,rectangular,public,{}
4CjUId2bwXg,Maa to Maa Hoti Hai - Part 3 ğŸ‘µğŸ¥ºğŸ¤ª #shorts #youtubeshorts | Samayra Narula | Subscribe |,Samayra Narula Official,UC4WkXgiK6VxAri_R_qmIFvQ,2021-08-28T04:26:36Z,"Hope you like this video and please donâ€™t forget to Subscribe this channel ğŸ‘‡ Press Bell ğŸ”” Button for more updateâ¤
https://m.youtube.com/c/samayranarulaofficial

Please do follow My Instagram ğŸ‘‡
Instagram ğŸ‘‰: https://www.instagram.com/samayranarula?r=nametag

SUBSCRIBE ~ SHARE ~ LIKE 

Samayra is a Child Actor who has dream to become an Actress. So please follow her Instagram account and show your support.

Samayra hails from a small city - Abohar (Punjab) and Currently, she is living in Bangalore, Karnataka.

Send this video to your friends and family â¤ï¸

A Family Show on YouTube.
New Video on Short Comedy, Short Movies, Dance, Challenges, Family Fun, Family Comedy, Games and Good Habits.You will Learn, Enjoy and Laugh with Us.


A Complete Happy Family Show.
If you like our video, please share this with your family and friends.

Please do follow on ğŸ‘‡
FacebookğŸ‘‰:  https://m.facebook.com/samayranarulaofficial/
Instagram ğŸ‘‰: https://www.instagram.com/samayranarula?r=nametag


Thanks for watching, suggestions are most welcome.
Love you my YouTube Family and FriendsğŸ˜


Video Editor: Meenu Vinay Narula
Instagram ğŸ‘‰: https://instagram.com/meenu_vinay_narula?igshid=w2sgyc75nsxt


Video RecordingğŸ‘‰: Vinay Narula
InstagramğŸ‘‰: https://instagram.com/vinaynarula84?igshid=1wcnq5mbjg6ve","Samayra,Samayranarula,aayuandpihushow,mymissanand,cutesister,Shorts,ruchiandpiyush,subscribers,Youtubeshorts,Youtubeindia,shorts,youtubeshorts,comedy,Comedyvideo,viralvideos,trending,viral,Trending,viralvideo,Amitbhadhana,Carryminati,amitbhadhana,aashishchanchalani,funnykids,funnymemes,funnyvideos,Subscribe,share,like,nehakakkar,tonykakkar",22,PT31S,204251238,3312795,N/A,N/A,0,https://www.youtube.com/watch?v=4CjUId2bwXg,hd,false,True,rectangular,public,{}
_YixMp-OY0A,Electronic Test Equipment for Rent | TRS-RenTelco,TRS-RenTelco,UCSbTu2LhlFXIKePvpZ4fdRQ,2019-09-23T20:56:25Z,"TRS-RenTelco is your online source for all your testing needs. Want to rent, lease or purchase electronic test equipment? Whether youâ€™re looking for a short-term solution for your project or a permanent upgrade for your electronic test equipment, we have you covered. Get the electronic testers with expert assistance every step of the way. Take a quick look: www.trsrentelco.com 

TRS-RenTelco is the largest rental supplier of electronic test equipment in North America. With 30 years of experience in the test equipment industry, we provide the most current equipment for all your local and international needs.","test equipment rental,electronic equipment rental,test equipment rental companies,electronic test equipment rental,test and measurement equipment rental,electronics testing equipment,electronic testing equipment,electronic rental companies,rental test equipment,testing equipment rental,trsrentelco,test equipment usa",28,PT1M22S,2588843,29,N/A,0,0,https://www.youtube.com/watch?v=_YixMp-OY0A,hd,false,False,rectangular,public,{}
NcEPlqDi5m4,à¹à¸‚à¹ˆà¸‡à¸à¸±à¸™à¸‚à¹‚à¸¡à¸¢ !!,Lady SO à¹€à¸Šà¸­à¸£à¸´à¸¥à¸´à¸™,UCZEuanliZxdOLcqXVG29n6Q,2023-02-18T04:30:06Z,"à¹à¸‚à¹ˆà¸‡à¸à¸±à¸™à¸‚à¹‚à¸¡à¸¢ !!
à¸‹à¸µà¸£à¸µà¸ªà¹Œà¸ªà¸™à¸¸à¸à¹† à¸ˆà¸²à¸à¸Šà¹ˆà¸­à¸‡ ladyso à¹€à¸Šà¸­à¸£à¸´à¸¥à¸´à¸™

#ladyso #à¹€à¸Šà¸­à¸£à¸´à¸¥à¸´à¸™ #superidolstudios #à¸‹à¸µà¸£à¸µà¹ˆà¸¢à¹Œ

ğŸ“à¸•à¸´à¸”à¸•à¸²à¸¡à¸„à¸¥à¸´à¸›à¹ƒà¸«à¸¡à¹ˆà¸‚à¸­à¸‡à¸à¸§à¸à¹€à¸£à¸²à¹„à¸”à¹‰à¸—à¸µà¹ˆğŸ–±ï¸
ğŸ‘‰https://www.youtube.com/channel/UCZEuanliZxdOLcqXVG29n6Q


ğŸŒŸà¹€à¸›à¹‡à¸™à¹€à¸à¸·à¹ˆà¸­à¸™à¸à¸±à¸™à¹à¸¥à¸°à¸£à¸±à¸šà¸Šà¸¡à¸„à¸§à¸²à¸¡à¸™à¹ˆà¸²à¸£à¸±à¸à¸‚à¸­à¸‡à¹€à¸Šà¸­à¸£à¸´à¸¥à¸´à¸™ğŸŒŸ
TikTok : https://www.tiktok.com/@ladyso.th
TikTok (Vlog) : https://www.tiktok.com/@cherilyu
Instagram : https://www.instagram.com/cherilyu


ğŸ‘¥à¸™à¸±à¸à¹à¸ªà¸”à¸‡à¸—à¸µà¹ˆà¸£à¹ˆà¸§à¸¡à¹à¸ªà¸”à¸‡ğŸ‘¥

à¹‚à¸­à¸›à¸›à¹‰à¸²à¸£à¸²à¸¡à¸„à¸³à¹à¸«à¸‡ ğŸš—
TikTok : https://www.tiktok.com/@oppa.ram
Instagram : https://www.instagram.com/champchatthong

à¸§à¹ˆà¸²à¸‹à¸±à¹ˆà¸™à¹à¸¡à¸™ ğŸ˜ˆ
TikTok : https://www.tiktok.com/@wasan.man
Instagram : https://www.instagram.com/fefa.wasanman

Surprise Girl ğŸŒœ
TikTok : https://www.tiktok.com/@surprise.gal


ğŸ¡ à¸„à¸£à¸­à¸šà¸„à¸£à¸±à¸§ Super Idol Studios ğŸ‘¨â€ğŸ‘©â€ğŸ‘§â€ğŸ‘¦
Youtube : https://www.youtube.com/c/SuperIdolStudios/about
Facebook : https://www.facebook.com/superidolstudios
Facebook : https://www.facebook.com/TheFawnMedia
TikTok : https://www.tiktok.com/@super.idol.studios

ğŸ“à¸•à¸´à¸”à¸•à¹ˆà¸­à¹‚à¸†à¸©à¸“à¸² à¸«à¸£à¸·à¸­ Sponsor à¹„à¸”à¹‰à¸—à¸²à¸‡ğŸ‘©â€âš–ï¸
Line: @FawnAD","ladyso,à¹€à¸Šà¸­à¸£à¸´à¸¥à¸´à¸™,à¸„à¸¸à¸“à¸«à¸™à¸¹à¹€à¸Šà¸­à¸£à¸´à¸¥à¸´à¸™,à¹€à¸Œà¸­à¸£à¸´à¸¥à¸´à¸“à¸à¹Œ,à¸‹à¸µà¸£à¸µà¹ˆà¸¢à¹Œ,à¸«à¸™à¸±à¸‡à¸ªà¸±à¹‰à¸™,à¸¥à¸°à¸„à¸£,à¸‹à¸´à¸—à¸„à¸­à¸¡,à¸¥à¹ˆà¸²à¸ªà¸¸à¸”,à¸ªà¸°à¸—à¹‰à¸­à¸™à¸ªà¸±à¸‡à¸„à¸¡",1,PT16S,30067910,657615,N/A,315,0,https://www.youtube.com/watch?v=NcEPlqDi5m4,hd,false,True,rectangular,public,{}
X7d-3CsDlN8,Best performanceğŸ¤©,Foot Mood,UCuYUOEXwUKBtiE1pNoB40PA,2022-03-13T21:16:51Z,,,22,PT18S,89440049,3307544,N/A,10409,0,https://www.youtube.com/watch?v=X7d-3CsDlN8,hd,false,True,rectangular,public,{}
FskT2AlML_w,Shloka Ambani's STUNNING look in a saree for Radhika Merchant's Vidayi ceremony ğŸ¤© #shorts #shloka,zoom,UCotI-SqRXnkAZX4bMqlRNjw,2024-07-13T18:41:36Z,,,24,PT24S,195052,4905,N/A,19,0,https://www.youtube.com/watch?v=FskT2AlML_w,hd,false,True,rectangular,public,{}
OXWmfpaLC4w,Russian Defence Ministry Releases Video Showing Soldiers Demining Mines in Ukraineâ€™s Kherson,Republic World,UCwqusr8YDwM-3mEYTDeJHzw,2022-03-27T11:30:08Z,"Republic TV is India's no.1 English news channel since its launch. It is your one-stop destination for all the live news updates from India and around the world. Republic TV makes news accessible for you at your convenience, at all times and across devices. At Republic we keep you updated with up-to-the-minute news on politics, sports, entertainment, lifestyle, gadgets and much more. 

We believe in Breaking the story and Breaking the Silence. But most importantly, for us â€˜You Are Republic, We Are Your Voice.â€™

Also, Watch â–º 
Republic TV Live News Updates â–ºhttp://bit.ly/RepublicTVLiveNews
The Debate With Arnab Goswami â–º http://bit.ly/TheDebateWithArnabGoswami
Patriot With Major Gaurav Arya â–º http://bit.ly/PatriotFullEpisodes
Exclusive Sunday Debate With Arnab Goswami â–º http://bit.ly/SundayDebate
Checkmate With Major Gaurav Arya (Retd.) â–º https://bit.ly/3EtPj0s
The Grand Strategy With Maj Gen G.D Bakshi (Retd) â–º https://bit.ly/3EPZ6xF
R.Explained â–º https://bit.ly/3sOLT5K
R.Uninterrupted â–º https://bit.ly/34isZdh

You can stay connected with Republic TV on -

Facebook - https://www.facebook.com/RepublicWorld
Twitter - https://twitter.com/republic
Website - https://www.republicworld.com
Instagram: https://www.instagram.com/republicworld

#republictv #republicworld #republictvlive #englishnews #news #arnabgoswami #arnabgoswamilive #arnabdebates #nationwantstoknow","republic,republic tv,republic tv live,republic news,news,news live,live news,world news,international news,india news,breaking news,exclusive interviews,trending news,viral news",25,PT2M9S,171767,N/A,N/A,349,0,https://www.youtube.com/watch?v=OXWmfpaLC4w,hd,false,True,rectangular,public,{}
u7RU4ZVtg-Y,More Cursed Mega Pokemon Evolutions! Including Victini and Zacian,Pen Paladin,UCHUjcwcD1ZJ4lO9om9qRDeA,2024-07-13T13:23:56Z,,,20,PT59S,111378,13346,N/A,245,0,https://www.youtube.com/watch?v=u7RU4ZVtg-Y,hd,false,True,rectangular,public,{}
2aCD2NMdYvw,heâ€™s paying $80k a year for Intro to Turtles I see why heâ€™s upset #collegelife #electives #class,American High,UCrMabu7HclTiDf5ZAgjHxqQ,2024-07-13T17:33:52Z,,,23,PT38S,355840,58400,N/A,360,0,https://www.youtube.com/watch?v=2aCD2NMdYvw,hd,false,False,rectangular,public,{}
IObGBJwyN6g,Elephant Toothpaste! ğŸ˜‚ #shorts,Kin Tin,UCW0plBbM-eawl9FHQKplC7w,2021-09-07T14:00:07Z,"Elephant Toothpaste! ğŸ˜‚ #shorts

â¤Follow Kin Tin https://bit.ly/2SUaUNd

â¤Follow Kin Tin Plays https://bit.ly/3hOVkuD 


â–ºNext Video - https://youtu.be/uBseIVBhbbg

â–ºPrevious Video - https://youtu.be/fACWnGH9jG8","#shorts,shorts,elephant toothpaste,kin tin",24,PT26S,130464601,2520290,N/A,0,0,https://www.youtube.com/watch?v=IObGBJwyN6g,hd,false,True,rectangular,public,{}
Agi9bWfMCtU,Why You Get Deja Vu and 15 Ways Your Brain Tricks You,BRIGHT SIDE,UC4rlAVgAK0SGk-yTfe48Qpw,2021-04-04T04:00:06Z,"Why do you get deja vu and what does it mean? That you can predict the future?! If only! Just one of many ways how your brain tricks you every day!

#brightside #braintricks

Animation is created by Bright Side.

----------------------------------------------------------------------------------------
Music by Epidemic Sound  https://www.epidemicsound.com/

Subscribe to Bright Side : https://goo.gl/rQTJZz
----------------------------------------------------------------------------------------
Our Social Media:
Facebook: https://www.facebook.com/brightside/
Instagram: https://www.instagram.com/brightgram/
5-Minute Crafts Youtube: https://www.goo.gl/8JVmuC

Stock materials (photos, footages and other):
https://www.depositphotos.com
https://www.shutterstock.com
https://www.eastnews.ru

----------------------------------------------------------------------------------------
For more videos and articles visit:
http://www.brightside.me/

Our App http://bit.ly/3a4dTr5","bright side,brightside,psychological tricks,psychological tips,psychological tricks that actually work,psychological tricks to be happy,psychological tricks to control mind,how to attract people,how to get what you want,manipulation techniques,psychological techniques,how to read people,brain tricks,tricks your brain plays on you,deja vu meaning,what is deja vu,are deja vu dreams,why we have deja vu,how deja vu happens,is deja vu real,what deja vu means",24,PT8M53S,142327,4982,N/A,448,0,https://www.youtube.com/watch?v=Agi9bWfMCtU,hd,false,False,rectangular,public,{}
os9wadNHy5w,"Tool Items - The washing machine is foldable, it can wash many types of clothes and underwear",Tool Items,UCeuXd6PLk_t2WGIhPMvkUSA,2023-04-08T04:35:38Z,,,22,PT10S,303108422,1440518,N/A,1976,0,https://www.youtube.com/watch?v=os9wadNHy5w,hd,false,False,rectangular,public,{}
V9NHzfkyVSs,"DEVELOPING: Cody Rhodes helps Randy Orton to the back: SmackDown exclusive, July 12, 2024",WWE,UCJ5v_MCY6GNUBTO8-D3XoAg,2024-07-13T03:14:40Z,"Moments after SmackDown goes off the air, the Undisputed WWE Champion Cody Rhodes helps Randy Orton to the back. Catch WWE action on Peacock, WWE Network, FOX, USA Network, Sony India and more.
Stream WWE on Peacock https://pck.tv/3ZTjVE7 in the U.S. and on WWE Network http://wwe.yt/wwenetwork everywhere else
---------------------------------------------------------------------
Follow WWE for more exciting action! - Subscribe to WWE on YouTube: http://wwe.yt/
---------------------------------------------------------------------
Check out WWE.com for news and updates: http://goo.gl/akf0J4
Watch WWE on Sony in India: http://www.wwe.com/SonySportsNetwork
Watch WWE on Disney+ Hotstar in Indonesia: http://www.wwe.com/hotstar
Watch WWE on Shahid: http://www.wwe.com/yt-shahid
Find the latest Superstar gear at WWEShop: http://shop.wwe.com
---------------------------------------------
Check out these other channels!
---------------------------------------------
WWE Vault: http://www.youtube.com/@WWEVault
WWE EspaÃ±ol: https://www.youtube.com/@wweespanol
UpUpDownDown: https://www.youtube.com/upupdowndown
Celtic Warrior Workouts: https://www.youtube.com/@CelticWarriorWorkouts
WWE Music: https://www.youtube.com/wwemusic
------------------------------------
WWE on Social Media
------------------------------------
X: https://twitter.com/wwe
Facebook: https://www.facebook.com/wwe
Instagram: https://www.instagram.com/wwe/
TikTok: https://www.tiktok.com/@wwe
------------------------------------","Cody Rhodes,Randy Orton,superstars,world wrestling entertainment,wrestle,wrestler,wrestling,wwe,wwe 2024,Ù…ØµØ§Ø±Ø¹Ù‡,à¤•à¥à¤¶à¥à¤¤à¥€,à¤¡à¤¬à¥à¤²à¥‚ à¤¡à¤¬à¥à¤²à¥‚ à¤ˆ,à¤ªà¤¹à¤²à¤µà¤¾à¤¨,à¤®à¥ˆà¤š,à¤µà¥à¤¯à¤¾à¤µà¤¸à¤¾à¤¯à¤¿à¤• à¤•à¥à¤¶à¥à¤¤à¥€,à¤¸à¥à¤ªà¤°à¤¸à¥à¤Ÿà¤¾à¤°,Smackdown clips,smackdown highlights,smackdown winners,wwe smackdown highlights today,smackdown tonight,friday night smackdown,wwe smackdown,smackdown 2024,smack downs highlights",17,PT2M44S,546408,13629,N/A,994,0,https://www.youtube.com/watch?v=V9NHzfkyVSs,hd,true,True,rectangular,public,{}
TwRMdalWAA4,Indian cricket captain Rohit Sharma visits Wimbledon,Wimbledon,UCNa8NxMgSm7m4Ii9d4QGk1Q,2024-07-13T07:00:13Z,"Indian cricket lcaptain Rohit Sharma visits Wimbledon for the first time!

#Wimbledon #Tennis #Interview #AlwaysLikeNeverBefore #Cricket #India #RohitSharma

SUBSCRIBE to keep up with all The Championships action and news!

Join myWimbledon for a personalised Wimbledon experience: http://wimbledon.com/mywimbledon

To follow all of the action as it happens go to: https://www.wimbledon.com/en_GB/scores/index.html

To license Wimbledon footage, visit: https://bit.ly/3fy0RbA","Tennis,Wimbledon,wimbledon championship,wimbledon tennis,wimbledon video,Wimbledon 2023,Tennis Grandslam,The Championships,Grand Slam,Grass,2023,Always Like Never Before,captain Rohit Sharma,Rohit Sharma,Sharma,Rohit,Britain,British,Tenis,GB,UK,2024,LTA,Lawn Tennis,Strawberries,Tennis ball,Umpire,Major,History,Sport,Championships,Wimbledon 2024,Wimbeldon",17,PT1M51S,392539,11366,N/A,446,0,https://www.youtube.com/watch?v=TwRMdalWAA4,hd,false,True,rectangular,public,{}
X51mHqYmo80,I Scored The Best Goal of My Life! ğŸ¤¯,John Nellis,UCM5gMM_HqfKHYIEJ3lstMUA,2024-07-13T16:36:18Z,"ğŸ‘€ Sign up to Sorare and get a FREE card: https://sorare.pxf.io/NellisShorts
ğŸ™ Give Soraredata a go for FREE: https://www.soraredata.com/johnnellis
â”â”â”â”â”â”â”â”â”â”â”â”
#shorts #football #footballshorts
â”â”â”â”â”â”â”â”â”â”â”â”
SORARE CHANNEL ğŸ‘‡ 
https://youtube.com/@johnnellissorare
â”â”â”â”â”â”â”â”â”â”â”â”
JOIN MY DISCORD ğŸ‘‡
https://discord.gg/QQ6nuN52hZ
â”â”â”â”â”â”â”â”â”â”â”â”
CONTACT ğŸ“¨ 
For business enquiries email â¡ï¸ toby@intertalentgroup.com","football shorts,football videos,football facts,football interesting,football edits,john nellis,world cup,nellis,sorare,football stories",17,PT8S,427809,18040,N/A,232,0,https://www.youtube.com/watch?v=X51mHqYmo80,hd,false,True,rectangular,public,{}
7s_nGsGpu14,ãƒ—ãƒ­ã‚¹ãƒ”ã‹ã‚‰å­¦ã¶å¸¸è­˜part2,ã‚¢ã‚«games,UC5wr1qJKJOrHHK-haeZkfbg,2024-07-13T09:00:07Z,"éå»ã®äººæ°—å‹•ç”»
https://youtube.com/playlist?list=PLnj0Wb_DTrfB3u614yrRttKQrNMPn6FfT

â˜†éå»ã®é…ä¿¡ã¯ã€å†ç”Ÿãƒªã‚¹ãƒˆã€â†’ã€é…ä¿¡ã‚¢ãƒ¼ã‚«ã‚¤ãƒ–ã€ã‹ã‚‰è¦‹ã‚Œã¾ã™ã€‚
ãƒªãƒ³ã‚¯ã¯ã“ã¡ã‚‰â†’https://youtube.com/playlist?list=PLnj0Wb_DTrfD2tMj-0JUjtNKWnAsnOnPX

â˜†ãƒ„ã‚¤ãƒƒã‚¿ãƒ¼ã‚¢ã‚«ã‚¦ãƒ³ãƒˆã¯ã“ã¡ã‚‰
https://twitter.com/aka_gamechannel
ã‚‚ã—ãã¯ã€ã‚¢ã‚«gamesã€ã§æ¤œç´¢ï¼

â˜†BGM
é¨’éŸ³ã®ãªã„ä¸–ç•Œæ§˜
ã²ã¨ã‚Šã€https://youtu.be/6GW-DYhJBAkã€‘
TheFatRatæ§˜
Jackpotã€https://youtu.be/kL8CyVqzmkcã€‘
Unityã€https://youtu.be/n8X9_MgEdCgã€‘
windfallã€https://youtu.be/jqkPqfOFmbYã€‘

ã‚ˆã‚ã—ã‘ã‚Œã°é«˜è©•ä¾¡ã¨ãƒãƒ£ãƒ³ãƒãƒ«ç™»éŒ²ãŠé¡˜ã„ã—ã¾ã™ï¼ï¼

ãƒ—ãƒ­é‡çƒã‚¹ãƒ”ãƒªãƒƒãƒ„2019ã€€ãƒ—ãƒ­é‡çƒã‚¹ãƒ”ãƒªãƒƒãƒ„2020ã€€ãƒ—ãƒ­é‡çƒã‚¹ãƒ”ãƒªãƒƒãƒ„2021 ãƒ—ãƒ­é‡çƒã‚¹ãƒ”ãƒªãƒƒãƒ„2022","ãƒ—ãƒ­ã‚¹ãƒ”,ãƒ—ãƒ­ã‚¹ãƒ”2019,ãƒ—ãƒ­é‡çƒã‚¹ãƒ”ãƒªãƒƒãƒ„,ãƒ—ãƒ­é‡çƒã‚¹ãƒ”ãƒªãƒƒãƒ„2019,ãƒšãƒŠãƒ³ãƒˆ,å†ç¾,æ¤œè¨¼,ã‚¹ã‚¿ãƒ¼ãƒ—ãƒ¬ã‚¤ãƒ¤ãƒ¼,è¦šé†’,å®Ÿæ³,ãƒã‚¤ãƒ©ã‚¤ãƒ•,ä¼ç”»,æˆç¸¾,é…å¸ƒ,ã‚ªãƒªã‚¸ãƒŠãƒ«,ãƒ—ãƒ­ã‚¹ãƒ”2020,ãƒ—ãƒ­é‡çƒã‚¹ãƒ”ãƒªãƒƒãƒ„2020,ã‚¢ãƒƒãƒ—ãƒ‡ãƒ¼ãƒˆ,ã‚¢ãƒ—ãƒ‡,è§£èª¬,é‡Œå´,ãƒã‚¿,ãƒ—ãƒ­ã‚¹ãƒ”2021,ãƒ—ãƒ­é‡çƒã‚¹ãƒ”ãƒªãƒƒãƒ„2021,ãƒ—ãƒ­ã‚¹ãƒ”A",20,PT20S,142758,5706,N/A,91,0,https://www.youtube.com/watch?v=7s_nGsGpu14,hd,false,True,rectangular,public,{}
tTFjD2y03sA,"If anyone knows the truth, it's Kamala Harris: Pete Hegseth",Fox News,UCXIJgqnII2ZOINSWNOGFThA,2024-07-13T14:30:24Z,"â€˜Fox & Friends Weekendâ€™ co-hosts Pete Hegseth and Will Cain go 'off the wall' to break down how the White House and media have covered up Bidenâ€™s age concerns.Â #foxnews 

Subscribe to Fox News! https://bit.ly/2vBUvAS
Watch more Fox News Video: http://video.foxnews.com
Watch Fox News Channel Live: http://www.foxnewsgo.com/

FOX News Channel (FNC) is a 24-hour all-encompassing news service delivering breaking news as well as political and business news. The number one network in cable, FNC has been the most-watched television news channel for 18 consecutive years. According to a 2020 Brand Keys Consumer Loyalty Engagement Index report, FOX News is the top brand in the country for morning and evening news coverage. A 2019 Suffolk University poll named FOX News as the most trusted source for television news or commentary, while a 2019 Brand Keys Emotion Engagement Analysis survey found that FOX News was the most trusted cable news brand. A 2017 Gallup/Knight Foundation survey also found that among Americans who could name an objective news source, FOX News was the top-cited outlet. Owned by FOX Corporation, FNC is available in nearly 90 million homes and dominates the cable news landscape, routinely notching the top ten programs in the genre.

Watch full episodes of your favorite shows
The Five: https://www.foxnews.com/video/shows/the-five
Special Report with Bret Baier: https://www.foxnews.com/video/shows/special-report
Jesse Watters Primetime: https://www.foxnews.com/video/shows/jesse-watters-primetime
Hannity: https://www.foxnews.com/video/shows/hannity
The Ingraham Angle: https://www.foxnews.com/video/shows/ingraham-angle
Gutfeld!: https://www.foxnews.com/video/shows/gutfeld
Fox News @ Night: https://www.foxnews.com/video/shows/fox-news-night

Follow Fox News on Facebook: https://www.facebook.com/FoxNews/
Follow Fox News on Twitter: https://twitter.com/FoxNews/
Follow Fox News on Instagram: https://www.instagram.com/foxnews/","fox news,fox news channel,pete hegseth,fox news media,joe biden,fox news network,president biden,kamala harris,joe biden news,biden age,biden age news,democrats biden administration,democrats react to,democrats react to bidenâ€™s debate,democrats react to bidenâ€™s interview,fox news channel live,fox and friends weekend,will cain,news,politics,latest politics,happening now",25,PT6M52S,201722,4960,N/A,1215,0,https://www.youtube.com/watch?v=tTFjD2y03sA,hd,true,True,rectangular,public,{}
d-JWSHs7MJU,Quartz Based MultiVolt Oscillators - ECS Inc. International,"ECS, Inc. International",UCVfdzY81p1Sig02pNVE8I8g,2019-01-16T18:25:21Z,"One part that serves multiple platforms for your design.  Multiple sizes with voltage outputs from 1.8V ~ 3.6V.  The quartz technology offers better jitter, and overall better performance that MEMS at a lower cost point.  Buy Smarter.

ECS Inc. International 
15351 W. 109th Street
Lenexa, KS 66219
(913) 782-7787
www.ecsxtal.com
engineering@ecsxtal.com","ecs inc international,quartz oscillator,32.768 KHz AEC-Q,electronic components,multivolt oscillator,supply voltage",27,PT58S,2859125,7,N/A,0,0,https://www.youtube.com/watch?v=d-JWSHs7MJU,hd,true,False,rectangular,public,{}
gu0rY7xWRNQ,Not too many know this secret. Perfect â€œprajiteiâ€ recipe with the pliers,Appetizing.tv-Baking Recipes,UCl79vKyOaBAXKs2I7eJyy6g,2021-12-02T11:00:16Z,"Not too many know this secret. Perfect â€œprajiteiâ€ recipe with the pliers

Ingredients:
eggs - 3 pieces
salt - 2 g (0.07 oz)
flour - 200 g (7 oz)
TO REST 20 minutes
oil to fry 
For decoration:
cream - 50 ml (â…• cup)
powdered sugar - 10 g (0.35 oz)
fruits

Follow us on:
Youtube: https://www.youtube.com/c/Appetizingtv
Facebook: https://www.facebook.com/Appetizing.tv/
Instagram: https://www.instagram.com/appetizing.tv/","biscuits,biscuits recipe,biscuits homemade,biscuits dough,biscuits for tea,biscuits dessert,biscuits for breakfast,/ cookies,cookies recipe,cookies tasty,cookies homemade,cookies ideas,cookies no bake,cookies for breakfast,dessert,dessert recipe,dessert easy,dessert tasty,dessert ideas,dessert homemade,breakfast,breakfast recipe,breakfast ideas,breakfast food,Appetizing.TV,Appetizing.TV recipes",22,PT3M32S,1464927,10805,N/A,264,0,https://www.youtube.com/watch?v=gu0rY7xWRNQ,hd,true,True,rectangular,public,{}
Qvw-qj19OHQ,Tamarind Garlic Spinach Dal,rootedinspice,UCu24exFs7T594W4qAXNtiJA,2022-07-31T12:00:13Z,"Tamarind Garlic Spinach Dal (Toor & Masoor)
Serves: 2-3

// INGREDIENTS //
- 1/2 cup split yellow pigeon peas (aka arhar or toor dal)
- 1/2 cup red lentils (aka split masoor dal)
- 3 cups water
- 3 birds eye / thai green chilies (+/- adjust as needed)
- 1/2 inch ginger, grated
- 1 large tomato (optional since the tamarind does a lot of the heavy lifting here)
- 3/4 tsp coriander powder
- 1/2 tsp turmeric powder
- Salt to taste
- Couple big handfuls of spinach, whole or chopped (and if you use frozen, add it before pressure cooking)
- Tamarind paste / tamarind water to taste (start with 1-2 tsp if using paste and 1/4ish cup if using water)
- 2 tbsp ghee or avocado oil
- 1/2 tsp cumin seeds
- 6-8 cloves of garlic
- 1/4 tsp red chili powder (+/-) [kashmiri red chili will give you a nice color but not a lot of heat so adjust as needed]
- Optional tadka add-ons: onions, hing (asafoetida), kadi patta (fresh curry leaves), dried red chili, anything!!

// RECIPE //
1ï¸âƒ£ Wash and rinse your dal well a few times until water is clear. The 8 ingredients I typically always add before pressure cooking are: lentils, water, chilies, ginger, tomato, coriander powder, turmeric, and salt. 
2ï¸âƒ£ Pressure cook on High, Natural Release for 6 min. Let it naturally release all the pressure for 10 min and if it's not done after that, manually release all the pressure until the safety valve drops and then open the lid
3ï¸âƒ£ Optional - for pot-in-pot method rice, add your washed rice and water in a separate steel, ceramic, or pyrex bowl and place on top of a trivet. 1 cup of rice to 1.5 cup of water.
4ï¸âƒ£ Once that's done, add in spinach, tamarind, and mix.
5ï¸âƒ£ In a small pan or tadka pan, heat up your ghee/oil. Once hot, add cumin seeds and things like kadi patta, hing, or onions. After about 30 sec, add the garlic and keep on low-med heat, making sure you don't burn it and mix for 30 sec or so. Add kashmiri red chili at the end if you want a nice color and a little extra heat. Keep on a medium flame for just 10-20 sec and add to your dal.
6ï¸âƒ£ Taste & adjust for salt and tamarind - can add a squeeze of lemon too!
 
 
  

#daltadka #instantpotrecipes #shorts","#dal,Dal,#daltadka,Dal tadka,garlic spinach dal,#garlicspinachdal,instant pot recipes,#instantpotrecipes,indian food,#indianfood,vegan recipes,#veganrecipes,rootedinspice,#rootedinspice,#shorts,shorts,Indian cooking,#indiancooking,#lentils,lentils",22,PT53S,6719768,324294,N/A,1290,0,https://www.youtube.com/watch?v=Qvw-qj19OHQ,hd,false,True,rectangular,public,{}
cS28Dv2XfXo,Watch how Sunitha and Priya made the Pen for a greener tomorrow | Vero Hero Series,Acer India,UCjBQuaXfMc0muS-FMvhZBRg,2022-08-02T12:08:21Z,"Some say pen is mightier than a sword, but every year millions of pens are discarded, forming piles of plastic. How can we avoid such hazardous waste? Meet our #VeroHeroes Sunitha and Priya from Palakkad, Kerala who are specially abled due to Brittle Bone disease but their ingenious idea of making a pen with biodegradable paper with a seed inside gave the pen the power to create a greener future. Now the pen is truly mighty thanks to Sunitha and Priya.

We at Acer salute these brilliant women for inspiring us to explore beyond limits and break barriers to engineer a better tomorrow.",,20,PT2M17S,733399,26,N/A,5,0,https://www.youtube.com/watch?v=cS28Dv2XfXo,hd,false,False,rectangular,public,{}
GZXgqF_WF4E,This is the heights #funny #comedy #couple #explore #shorts #height,Rohit & Kanupriya,UCtAXJ4DNpshfVjLIMq9pIRw,2024-07-13T13:32:35Z,,,24,PT18S,1302177,74823,N/A,771,0,https://www.youtube.com/watch?v=GZXgqF_WF4E,hd,false,True,rectangular,public,{}
ScVyMkz0CYo,(#VisualFocused) #ENHYPEN 'XO (Only If You Say Yes)' | STUDIO CHOOM ORIGINAL #shorts,STUDIO CHOOM [ìŠ¤íŠœë””ì˜¤ ì¶¤],UCEIi7zFR_wE23jFncVtd6-A,2024-07-13T13:05:00Z,"(ìŠ¤ì¶¤ ì—”ë”©ìš”ì •) #ì—”í•˜ì´í”ˆ 'XO (Only If You Say Yes)' | ìŠ¤íŠœë””ì˜¤ ì¶¤ ì˜¤ë¦¬ì§€ë„ #shorts
(Ending Fairy) #ENHYPEN 'XO (Only If You Say Yes)'  | STUDIO CHOOM ORIGINAL #shorts

Stream various performance video on #STUDIOCHOOM!

ğŸ‘‰SUBSCRIBEğŸ‘ˆ
YouTube: https://www.youtube.com/STUDIOCHOOM
Facebook:  https://www.facebook.com/StudioCHOOM
Instagram: https://www.instagram.com/studio_choom/
Naver TV: https://tv.naver.com/cjenm.STUDIOCHOOM","M2,ì— íˆ¬,ìŠ¤íŠœë””ì˜¤ ì¶¤,ìŠ¤ì¶¤,Studio choom,COVERS,ì»¤ë²„ìŠ¤,DANCE THE X,ëŒ„ìŠ¤ ë” ì—‘ìŠ¤,ëŒ„ìŠ¤,DANCE,ë¹„ ì˜¤ë¦¬ì§€ë„,BE ORIGINAL,ì»¤ë²„,COVER,Artist Of The Month,AOTM,Drop the dance,ë“œë¡­ë”ëŒ„ìŠ¤,Mix & Max,ë¯¹ìŠ¤ì•¤ë§¥ìŠ¤,ë¯¹ì•¤ë§¥",24,PT19S,107497,33414,N/A,433,0,https://www.youtube.com/watch?v=ScVyMkz0CYo,hd,false,True,rectangular,public,{}
HD1L9P9lMUQ,RACE ENTERS HIGH MOUNTAINS ğŸšµ | Tour de France Stage 14 Final Kilometres | Eurosport Cycling,Eurosport Cycling,UCfDfvvMARk4TKcC62ALi6eA,2024-07-13T15:38:44Z,"ğŸ‡«ğŸ‡· Watch EVERY stage of the Tour de France 2024 live and on-demand on @discovery+, @eurosport & MAX ğŸš´â€â™‚ï¸

#TourdeFrance #TourdeFrance2024 #Pogacar #TDF #Cycling 

News and coverage from the #1 sports destination and the #HomeofCycling in Europe. Watch Eurosport anytime, anywhere via: https://bit.ly/3boIVvd

We bring you some of the biggest sports events in the world, such as Vuelta A Espana, The Olympic Games, Tour De France, Giro D'Italia, World Championships amongst so many more.

Do you want to see more? Subscribe now to watch Eurosport anytime, anywhere: https://bit.ly/3boIVvd

Follow us on:
YouTube: https://goo.gl/o9rbKg 
Facebook: https://goo.gl/jMfLNR 
Twitter: https://goo.gl/jxT1fY
Instagram: http://bit.ly/2TOtykZ","Eurosport,Discovery,Olympics,Cycling,La Vuelta,Sport,Sepp Kuss,Remco Evenepoel,Jonas Vingegaard,Warner Bros.,Live Sport,Youtube,Mark Cavendish,UAE,Emirates,PrimoÅ¾ RogliÄ,Filippo Ganna,Ineos Grenadiers,UAE Team Emirates,Jumbo-Visma,Soudal-QuickStep,Cyclocross,Tour de France,Lance Armstrong,Tadej Pogacar,Wout Van Aert,Mathieu Van Der Poel,Julian Alaphillipe,Tom Pidcock,Egan Bernal,Eurosport Cycling,British Cycling,Olympics 2024,Paris 2024",17,PT7M37S,244412,2779,N/A,336,0,https://www.youtube.com/watch?v=HD1L9P9lMUQ,hd,false,True,rectangular,public,{}
oYFkZJ9cijM,GIANT GUMMY BEAR #shorts,Mr DegrEE,UCeYTfGpNCmVhlxjQxBDrGPA,2023-03-16T07:47:36Z,"How to make a GIANT GUMMY Bear! Thank you for watching. Subscribe to Mr Degree

Music: https://player.epidemicsound.com","How to make,diy,gummy,Gummy Bear,jelly,funny,shorts,hacks,mr degree,mariana,idea,trick,jail,prison",24,PT50S,129588652,2671431,N/A,1797,0,https://www.youtube.com/watch?v=oYFkZJ9cijM,hd,false,True,rectangular,public,{}
IypgniLuz08,LoadUp Modern Junk Removal,LoadUp,UCh0UzhrQWfAoDMNvr2S19FA,2022-04-14T03:24:17Z,"Looking to get rid of unwanted furniture, a used grill or a garage full of stuff? 
Get an upfront price online with LoadUp ~ The Modern Junk Removal Company!

2022 LoadUp Junk Removal Commercial",,22,PT31S,4939786,398,N/A,4,0,https://www.youtube.com/watch?v=IypgniLuz08,hd,false,False,rectangular,public,{}
NnI6oX_G9-Y,ã“ã®ã‚­ãƒ£ãƒ³ãƒ‰ãƒ«ä½œã‚Šã®ãƒ“ãƒ‡ã‚ªã¯ã€ã‚ãªãŸãŒè¦‹ãªã‘ã‚Œã°ãªã‚‰ãªã„ã»ã©æº€è¶³ã§ã™! #shortvideo,Vika Candle,UC6v517vgZ5F70W07atE9KgA,2023-03-24T00:34:58Z,"Hey guys I'm Vika Candle
I speak English, 
I will try to make different kinds of ASMR for you guys
hope you guys feel relaxed and get what you needed in my videos
thank you always for your supports!:)

if you like this video please click like share and comments
Don't for get subscribe my channel
Thank you so much 
Follow me: https://goo.gl/TNYwfn","DIY,diy,diy projects,diy activities,shorts,youtube shorts,#shorts,ì´›ë¶ˆì—ì„œ ë§Œì¡±,ì¡°í˜„ë³‘,ì •ì‹ ê±´ê°•,ì •ì‹ ë¶„ì—´ë³‘,íœ´ì‹,íœ´ì‹ìŒì•…,ìŠ¤íŠ¸ë ˆìŠ¤,ì¸ìƒì„ ë§ì¹˜ëŠ” íœ´ì‹ë²•,ASMR,slime,slime videos,slime asmr,satisfying,asmr,asmr slime,satisfatÃ³rio,crunchy slime,slime satisfying,satisfying slime,relaxing slime,slime relaxing,videos de slime,slime compilation,slimey,slime slime,slime 2020,csm,csm relaxing,csm slime,santai video slime,lodo,limo,slim,slimes,slimr,phÃ¹ thá»§y slime,cosas geniales,slime videolarÄ±",26,PT31S,153457299,1802452,N/A,872,0,https://www.youtube.com/watch?v=NnI6oX_G9-Y,hd,false,True,rectangular,public,{}
vyVxNqgckWk,Trying to save the water balloon!,RCDriftTok,UCB-7LMovHmwxVK1FfNvKHFQ,2023-06-08T17:00:43Z,"All of the RCs I use can be found here:
https://linktr.ee/RCDriftTok

Play my new mobile game, RC Drifter:
https://onelink.to/rcdrifter

Buy RCDriftTok official merchandise:
https://rcdrifttok.creator-spring.com/

#rccars #trickshots #toycars #drifting #rcdrifttok #shortswithcamilla",,22,PT8S,328763771,3561479,N/A,1717,0,https://www.youtube.com/watch?v=vyVxNqgckWk,hd,false,True,rectangular,public,{}
w04MjVnYRvQ,Lifehack !! â€œBe a gentlemanâ€ at McDonald's #shorts,Bayashi TV,UCbCJmNKAL85O1VFeD6Wj60g,2022-11-25T10:00:42Z,"Hi! I'm BayashiğŸ˜Š
The No.1 cooking TikTok creator in Japan!!ğŸ–
50million followers on my TikTokâ™ª

ãƒãƒ¤ã‚·
æ—¥æœ¬No.1ã®æ–™ç†ç³»TikTokã‚¯ãƒªã‚¨ã‚¤ã‚¿ãƒ¼ğŸ–
TikTokãƒ•ã‚©ãƒ­ãƒ¯ãƒ¼5000ä¸‡äººè¶Šãˆ!!

ãƒãƒ¤ã‚·ã®ãƒ¬ã‚·ãƒ”æœ¬ãŒç™ºå£²ä¸­ï¼ï¼ã€é£¯ãƒ†ãƒ­ãªã®ã«ã€ãŠè…¹ãŒå‡¹ã‚€ç©¶æ¥µã‚ã— ãƒãƒ¤ã‚·ã®è¶…ä½ç³–è³ªãƒ¬ã‚·ãƒ” ã€Amazonã‹å…¨å›½ã®æ›¸åº—ã«ã¦è³¼å…¥ã§ãã¾ã™ğŸ“•
https://www.amazon.co.jp/dp/4046056614
----------------------------------------------
TikTokğŸ“±ğŸ’¥ Followers 50,000,000ğŸ’¥ï¼šhttps://vt.tiktok.com/6N3SVb/
InstagramğŸ“¸ ï¼šhttps://www.instagram.com/bayashi_tv/
Facebook : https://www.facebook.com/bayashi.tiktok
TwitterğŸŒ ï¼šhttps://twitter.com/bayashi_tv_2

#ASMR
#Recipe
#Food","Bayashi,ãƒãƒ¤ã‚·,ASMR,TikTok,Cooking,Mukbang,Eating Show,eating,recipes",24,PT19S,217007879,6643739,N/A,17554,0,https://www.youtube.com/watch?v=w04MjVnYRvQ,hd,false,True,rectangular,public,{}
9GkhTbLsG14,Can I Go To The Potty? ğŸ˜­ (Animation Meme) #shorts,Nutshell Animations,UChFs0d8syPIK6x8q4C6BrJw,2024-07-13T17:25:00Z,,,1,PT27S,198670,19102,N/A,463,0,https://www.youtube.com/watch?v=9GkhTbLsG14,hd,false,True,rectangular,public,{}
tXyr8JDixUo,Bride Radhika Merchant gets EMOTIONAL & hugs her dad before meeting Anant Ambani on stageğŸ¥º #shorts,zoom,UCotI-SqRXnkAZX4bMqlRNjw,2024-07-13T06:20:09Z,,,24,PT27S,1147861,37387,N/A,108,0,https://www.youtube.com/watch?v=tXyr8JDixUo,hd,false,True,rectangular,public,{}
BqkAa7Pg0cY,How to cut parchment paper for a round baking pan,Jeanelleats,UCU03NklypYW1AAIoNE2Vh1g,2021-07-26T02:30:01Z,"These are the baking pans I use: https://amzn.to/3iKLUAT
Apparently they're the best ones to get because of reasons that I researched a few years ago that I forgot ğŸ˜‚

What's The Food Map?? https://youtu.be/OaKGdmEPYsY
Here's the scratch-off map I use! https://amzn.to/3zjnRka
I also got the frame to make it pReTtY: https://amzn.to/3gmCyu2

â˜¼ Cooking and camera gear: https://kit.co/jeanelleats
â˜¼ Online goodies for you: https://bit.ly/32l9Wfo
(The product links I provide are affiliate links, and they support this channel at no additional cost for you!)

â€¢ â€¢ â€¢ â€¢ â€¢ â€¢ â€¢ â€¢ â€¢ â€¢ â€¢ â€¢ â€¢ â€¢ â€¢ â€¢ â€¢ â€¢ 

ğŸ¡ FOLLOW FOR MORE FOOD VIDEOS ğŸœ
Instagram: https://www.instagram.com/jeanelleats/
TikTok: https://tiktok.com/@jeanelleats

#bakingtips #bakinghacks #baking #cookingtips #cake #caketips #shorts

Music Credit:
The cool music I use is from EpidemicSound.com. Get 30 days free, on me: https://www.epidemicsound.com/referral/xx7ntg/","jeanelleats,cake tips,parchment paper,baking tips,how to line a cake tin,how to line a cake pan,how to line a cake tin with baking paper,how to line a cake pan with parchment paper,how to line a round cake pan perfectly every time,how to line a cake tin properly,baking tips and tricks,baking tips for cake,baking tips for cookies,baking tips for cupcakes",22,PT35S,474792,18871,N/A,136,0,https://www.youtube.com/watch?v=BqkAa7Pg0cY,hd,false,True,rectangular,public,{}
AtIcXC6gg-M,Inside a Game-Deciding Penalty Kick With Alex Morgan | Presented by AT&T Business,Bloomberg Media Studios,UCEcaRHvEX7lUsM-Ab6rJ6tA,2022-08-03T21:06:11Z,"What happens on the pitch is just 1% of the story, says US Soccer's Alex Morgan. Go behind the scenes with Alex and the US Women's National Team to see the training and preparation behind a penalty shot, and learn how connected technologies that help her and her teammates play at the game's highest level are also transforming industries like healthcare.

--------
Like this video? Subscribe: https://www.youtube.com/channel/UCEcaRHvEX7lUsM-Ab6rJ6tA?sub_confirmation=1

As the creative studio at the heart of Bloomberg Media, we deliver thought leadership powered by proprietary data. We are dedicated to fueling the ambitions of our global audience, whether they are an upstart entrepreneur or an established market maker. We do this across industries, from offices around the world.

For more on Bloomberg Media: http://www.bloombergmedia.com
Follow us on LinkedIn: https://www.linkedin.com/company/bloomberg-media
Follow us on Twitter: http://www.twitter.com/BBGMedia",,25,PT3M1S,282764,N/A,N/A,N/A,0,https://www.youtube.com/watch?v=AtIcXC6gg-M,hd,true,True,rectangular,public,{}
Nh58PmhEK3U,15 Coolest Gadgets That Are Worth Seeing,YouFact Tech,UCSWZxpzUTkriCZRe0Nl0UqA,2021-12-09T15:00:12Z,"ğŸ”¥ Coolest gadgets you can actually buy ğŸ‘‰ https://www.youtube.com/watch?v=pPKsyAPoaBA&list=PLcKKBaMxWFyB5S-HxPJLyaE5ltkPzI3pE&index=3&pp=gAQBiAQB
Weâ€™re bringing you another set of coolest gadgets from all over the web. 

ğŸ”¥ More hot gadgets below ğŸ‘‡
Facebook: https://www.facebook.com/youfacttech
Instagram: https://www.instagram.com/youfacttech
TikTok: https://www.tiktok.com/@youfactech

0:00 Introduction
0:14 Van der Waals: https://bit.ly/34WabB9 
0:40 COSORI kettle: https://geni.us/ElectricKettle 
1:15 The Home Office by Worky: https://geni.us/WorkstationDesk
1:50 Nanofluid Screen Protector That Eats Bubble & Dust: https://bit.ly/3dqM9yR
2:30 MEZMOCOIN GALACTIC: https://bit.ly/31zgjxN 
3:03 Echo Show 15: https://geni.us/Echoshow15 
3:33 Mikme Portable Studio Recorder: https://geni.us/PortableStudioRecorder 
3:58 Mikme Pocket Microphone: https://bhpho.to/3kXsUkd
4:25 HaxMini, Portable & High-Performance Mini Gaming PC: https://bit.ly/3ImYh2a 
5:01 Nudge Tags: Prevent Food Wastage: https://bit.ly/3xYsnEm 
5:39 BOWIO Book Light: https://bit.ly/3xY1h0d 
6:16 Visonic Dome: https://bit.ly/37wsez9 
6:48 Geek Smart Door Lock: https://geni.us/GeekSmartLock 
7:28 The synth#boi:  https://bit.ly/3sueXOT
7:48 FOLDEAT Modular Lunchbox: https://bit.ly/3DvyEZh 

As an Amazon Associate I earn from qualifying purchases. When you click on links to various merchants on this channel and make a purchase, this can result in this channel earning a commission. Affiliate programs and affiliations include, but are not limited to, the eBay Partner Network.

On the #YouFact #Tech channel, we speak about cool #gadgets for your room, home, pc and car that you can buy on #Amazon #online. We find the most interesting #accessories and #coolthings for you and show them three times a week on our channel.","cool gadgets on amazon,coolest gadgets,new gadgets,cool things to buy on amazon,cool gadgets,cool tech,amazon gadgets,cool amazon products,amazon must haves,youfact tech,amazon,gadgets,room gadgets,gadgets for your room,how to make your room look cool,cool things for your room,home gadgets,gadgets on amazon,latest gadgets,gadgets 2021,smart gadgets,new gadgets on amazon,amazing gadgets,unique gadgets,room accessories,new technology,gadget",28,PT8M30S,353180,4042,N/A,147,0,https://www.youtube.com/watch?v=Nh58PmhEK3U,hd,false,True,rectangular,public,{}
gLQV_dhnxBo,SUMMER FOOD HACKS AND TRICKS || Crazy Ideas That Will Surprise You by 123 GO! FOOD,123 GO! FOOD,UCHAahQqEGNM-Usc4FJTAVdw,2022-05-06T14:00:16Z,"We've definitely worked up an appetite with this video Hopefully these hacks help you enjoy your favourite snacks.  What's your best food trick?  Let us know in the comments below.  

Don't forget to share this video with your friends and remember to subscribe to our channel for more useful videos just like one.

#123go #food #hacks

â–¶ï¸ TheSoul Music:
 https://www.music.thesoul-publishing.com
â—‰ Our Spotify: https://sptfy.com/TheSoulMusic
â—‰ TikTok: https://www.tiktok.com/@thesoul.music
â—‰ YouTube: https://m.youtube.com/channel/UCPo7CKRiDGn4h-H0RK5JdfA 

Music by Epidemic Sound: https://www.epidemicsound.com/
Stock materials: https://www.depositphotos.com https://www.shutterstock.com

This video is made for entertainment purposes. We do not make any warranties about the completeness, safety and reliability. Any action you take upon the information on this video is strictly at your own risk, and we will not be liable for any damages or losses. It is the viewer's responsibility to use judgment, care and precautions if one plans to replicate.

The following video might feature activity performed by our actors within controlled environment - please use judgment, care, and precaution if you plan to replicate.

All product and company names shown in the video are trademarksâ„¢ or registeredÂ® trademarks of their respective holders. Use of them does not imply any affiliation with or endorsement by them.","#123go,123 go,123go,123 go challenge,troom troom,ratata,challenge,5 minute crafts,diy,drawing,funny,food,123 go food,123,squid game,squid game in real life,beast,dona,mukbang,drawing challenge,how to draw,big vs small food,food challenge,chocolate,rich vs poor,the squid game,pancake art challenge,pancake art,pancake,mr beast,life hacks,who can make more money in 24 hours,24 hours,money,huggy wuggy,poppy playtime",26,PT9M6S,702250,5344,N/A,105,0,https://www.youtube.com/watch?v=gLQV_dhnxBo,hd,true,False,rectangular,public,{}
mONHHqXt-Ss,HOW IS THIS POSSIBLE? ğŸ˜± #shorts,Lionfield,UCHwpDpLoyJgtFXoAaaSut4Q,2022-05-13T16:10:00Z,"(Via TikTok @Yuukff2k5 )

Follow us on Twitch: https://www.twitch.tv/lionfieldmusic

ğŸ‡¬ğŸ‡§ Ciao! We are Matteo and Emiliano. We are two Italian best friends, musicians, and content creators! Follow us for more content! :) 

ğŸ‡®ğŸ‡¹ Ciao! Siamo Emiliano e Matteo. Siamo due migliori amici, musicisti, e content creators di Roma. Iscriviti al canale per nuovi video ogni giorno :) 

#short #shorts

SUBSCRIBE & FOLLOW

Instagram: https://www.instagram.com/lionfieldmusic/
Twitch: https://www.twitch.tv/lionfieldmusic
Discord: https://discord.com/invite/VjKx7Pd
TikTok: https://www.tiktok.com/@lionfieldmusic?source=h5_m
Spotify https://open.spotify.com/artist/4uCnMyJHomdB5VrUngMyiO?si=kObeQBF_Sxu7FjsXufdOcA
Apple Music https://music.apple.com/us/artist/lionfield/1540806704
Facebook: https://www.facebook.com/lionfieldmusic/
Ko-Fi: https://ko-fi.com/lionfield

#italy #italian #italians","Italians,Italian,Italy,Italian food,pancakes,slime,slime food,realistic slime,TikTok food,food,slime pancakes,TikTok slime,comedy,funny,lol,lmao,ahah,lionfieldmusic,lionfield,Italians reacting to slime food",24,PT10S,87389183,3134214,N/A,7510,0,https://www.youtube.com/watch?v=mONHHqXt-Ss,hd,false,True,rectangular,public,{}
8Yn6LtF60Us,Axolotl Portal ğŸ¦,Fish4Ever,UCRKuzYFOx5XE56jJi9QE43Q,2022-03-02T19:54:38Z,"#shorts 

Portal Feeding Rings + duckweed: https://fishportals.com
Instagram: https://www.instagram.com/fish4everchannel/
TikTok: https://www.tiktok.com/@fish4everchannel?lang=en

My tank: https://amzn.to/3q0XeMw
All the products I use: https://www.amazon.com/shop/influencer-a9399784 

Email:
Fish4EverChannel@gmail.com","Fish,aquariums,aquarium,fish tank,guppy fish,betta,betta fish,fishcleaning,duckweed,algae,fish4ever,fish4everchannel,aquarium videos,planted tank,aquascape,fish aquarium,AXOLOTOL,Fish,aquariums,aquarium,fish tank,guppy fish,betta,betta fish,fishcleaning,duckweed,algae,fish4ever,fish4everchannel,aquarium videos,planted tank,aquascape,fish aquarium,AXOLOTOL",15,PT14S,198655290,3192737,N/A,6160,0,https://www.youtube.com/watch?v=8Yn6LtF60Us,hd,false,True,rectangular,public,{}
QGudeCe4ynw,Chocolate life-hack ğŸ«ğŸ˜,YANA CHIRKINA,UCC1RmztYmOIuTGiw_G73fLg,2024-07-13T15:08:44Z,,,17,PT10S,227784,15839,N/A,378,0,https://www.youtube.com/watch?v=QGudeCe4ynw,hd,false,True,rectangular,public,{}
noQbxLcgfXA,Easy 2 Piece Summer Set Thrift Flip ğŸŒ¸,littletoh,UCkj_Iepw5-CNXw7f5e-DmTw,2021-08-25T12:13:32Z,"DIY THRIFT STORE CLOTHING MAKEOVER | THRIFT FLIP

In this video, I turn a thrifted floral blazer into a cheeky little summery two piece set. This DIY is definitely beginner friendly and pretty simple to make! The shirred crop top requires no pattern and is beginner friendly! I also do a step by step on how to shirr! 

Materials used:
Floral Blazer - Thrifted at a Salvation Army in NY for $1
Sewing Machine - https://amzn.to/3jQor1J
Overlocker - https://amzn.to/2PC1jpDâ€‹â€‹â€‹
Iron - https://amzn.to/3yLzgbR
Fabric Shears - https://amzn.to/2PAlhRIâ€‹â€‹â€‹
Needle & Thread - Michael's
Sewing Pins - https://amzn.to/2Ttf7ncâ€‹â€‹â€‹
Seam Ripper - Michael's
Measuring Tape - https://amzn.to/3aPZ7CIâ€‹â€‹â€‹
Ruler - https://amzn.to/3114ADIâ€‹â€‹â€‹
Invisible Zipper - Joann's
Rotary Cutter - Joann's 
Self Healing Mat - Joann's
Elastic Thread - https://amzn.to/3CMNNWY
1/4 inch Elastic - Joann's
Elastic String - Flying Tiger

Full skirt tutorial video here:
https://youtu.be/6uVw0OyQw-8

Free skirt pattern here: 
https://www.moodfabrics.com/blog/the-juniper-skirt-free-sewing-pattern/

Follow me on instagram @littletoh & on tiktok @.littletoh

#thriftflipâ€‹â€‹â€‹ #diyâ€‹â€‹â€‹ #makeoverâ€‹ #trashtotreasureâ€‹â€‹â€‹ #upcycleâ€‹â€‹â€‹ #thriftedtransformationsâ€‹â€‹â€‹ #sewingâ€‹â€‹â€‹ #refashionâ€‹â€‹â€‹ #beforeandafterâ€‹â€‹â€‹ #sustainablefashionâ€‹â€‹â€‹â€‹â€‹â€‹ #summerâ€‹â€‹ #upcycledbylittletoh #croptop #shirredtop",,22,PT1M,1280614,101006,N/A,730,0,https://www.youtube.com/watch?v=noQbxLcgfXA,hd,false,True,rectangular,public,{}
LUUIY7Fnzts,ğŸ¥ GHOSTS OF GIRLFRIENDS PAST (2009) | Full Movie Trailer in HD | 1080p,MOVIE PREDICTOR,UCLlHQpMI6NCzSBRRT1_D7eA,2018-02-21T13:00:01Z,"While attending his brother's wedding, a serial womanizer is haunted by the ghosts of his past girlfriends.
----------------
Cast: Matthew McConaughey, Jennifer Garner, Emma Stone #MoviePredictor #trailer #BestMovie","trailer,full movie trailer,official trailer,official teaser,theatrical trailer,best trailer,must see movie,preview,world cinema,cult movie,cinema movie,ghost,ghosts of girlfriends past,ghosts of girlfriends past scene,ghosts of girlfriends past trailer,ghosts of girlfriends past full movie trailer,ghosts of girlfriends past matthew mcconaughey,ghosts of girlfriends past emma stone,emma stone funny,emma stone trailer,emma stone movie,emma stone movie trailers",1,PT2M45S,266277,1821,N/A,35,0,https://www.youtube.com/watch?v=LUUIY7Fnzts,hd,false,True,rectangular,public,{}
I3zes_GmuBk,[ê´‘ê³ ]ì¹˜ì•„ ìŒì‹ë¬¼ ì°Œêº¼ê¸° ì œê±° ì¼íšŒìš© ì¹˜ì‹¤,íŠ¸ë Œë“œì‡¼í•‘TV,UCSaL70lhpgh3vh-HU_yMAWA,2022-03-28T14:35:23Z,,,22,PT15S,15440188,71383,N/A,49,0,https://www.youtube.com/watch?v=I3zes_GmuBk,hd,false,True,rectangular,public,{}
IfBeMMT94NE,Youâ€™ll never expect what will happen in this video ğŸ˜±,Dylan Anderson,UCpuT8AlP9P9EgW_pZ0_xInQ,2024-07-13T18:16:47Z,,,24,PT29S,694418,23677,N/A,306,0,https://www.youtube.com/watch?v=IfBeMMT94NE,hd,false,True,rectangular,public,{}
7CU5XBtr_HE,AviatorÂ® XproÂ® Fungicide - canola TVC 15 sec,Bayer Crop Science Australia and New Zealand,UCLIHHdJctsLneiWansIMQ1g,2020-05-08T03:28:10Z,AviatorÂ® XproÂ® Fungicide from Bayer gives you fungal control in every droplet. It controls blackleg and sclerotinia in canola.  The LeafshieldTM formulation ensures rapid rainfastness and gives you more flexibility with your spray windows.,,28,PT15S,403406,N/A,N/A,0,0,https://www.youtube.com/watch?v=7CU5XBtr_HE,hd,false,False,rectangular,public,{}
gTNTVWiLejg,Gymnast Tries Horseback Riding For Kids| Buttercup SGG,The Ultimate Gymnasts,UCW3G2XfMS5C4Rgter2G40kA,2018-10-05T16:00:06Z,"THE NEW SGG presents Buttercup Learns About Horses!

This week on SGG is Gymnast Tries ~ So Buttercup went HORSEBACK RIDING!!
Have you ever ridden a horse?  It's so much fun.


~Solid Gold Gymnasts~
is a youtube channel for kids by kids..
(and their parents)

Our video ideas come from the hearts and minds of the girls involved!! (and the audience)

We post daily (Monday - Saturday) with a break on Sunday.

Our videos are GYMNASTICS ~ Gymnastics Vlogs, Gymnastics Challenges, Gymnastics Fun,  and more!!

We guarantee all video will be kid/family friendly!

~Channel run by Rachel Marie~

#gymnasttries #gymnastics #horsebackriding","gymnastics,gymnastics videos,gymnastics challenge,gym,sgg,Sevengymnasticsgirls,rachel marie,coach rachel,ultimate,horseback riding,horses,horse riding,buttercup sgg,buttercup learns about horses,learning about animals,learning about horses for kids,gymnast tries,gymnast tries horseback riding,solid gold gymnasts,solid gold,gold,gymnast,flippin out,chalk it up buttercup,level 4 gymnastics,kids,for kids,family friendly,little gymnast,gymnastics 2018,tries",17,PT2M47S,4492152,228,N/A,N/A,0,https://www.youtube.com/watch?v=gTNTVWiLejg,hd,false,True,rectangular,public,{}
qwc9oj6FmIo,How To Create A Neon Glow Effect In Procreate (#Shorts),Rishi Draws,UCayjG0TS9IvWgWOiJSjukTw,2021-04-23T16:00:35Z,"#Shorts #Procreate #Tutorial
Satisfying digital art process using Procreate and iPad Pro.

ğŸ–Š Brushes: 
Monoline

âœï¸ App: Procreate for the iPad
https://apps.apple.com/us/app/procreate/id425073498

ğŸ“± Tablet: iPad Pro 12.9 Inch 64 Gb + 2nd Gen Apple Pencil

ğŸ§¤ Glove: Huion Artist Glove 
https://www.amazon.com/Huion-Artist-Glove-Drawing-Tablet/dp/B00VTHAS00/ref=mp_s_a_1_4?dchild=1&keywords=drawing+glove&qid=1601301191&sr=8-4

ğŸ’ Screen Protector: iCarez Matte Screen Protector
https://www.amazon.com/gp/aw/d/B07GZKL8WH?psc=1&ref=ppx_pop_mob_b_asin_title

ğŸ–¨  Printer: Epson P900
https://epson.com/For-Work/Printers/Large-Format/SureColor-P900-17-Inch-Photo-Printer/p/C11CH37201
 
ğŸ“· Camera: Sony A7 III 
ğŸ‘ Lens: Sony 28-70mm F3.5-5.6 FE OSS
ğŸ’¡ Light: Pixel G1s RGB LED Video Light
ğŸµ Music: Epidemic Sound

ğŸ‘Š  Connect with me: 
INSTAGRAM: www.instagram.com/rishi.draws
TIKTOK: www.tiktok.com/@rishi.draws
FACEBOOK: fb.me/rishi.draws
TWITTER: twitter.com/rishidraws","Procreate,iPad,iPad Pro,doodle,satisfying,relaxing,art,digital art,process,how to draw,tutorial,timelapse,illustration",24,PT50S,3188631,227236,N/A,2223,0,https://www.youtube.com/watch?v=qwc9oj6FmIo,hd,false,True,rectangular,public,{}
r_q27WYhCYc,How to fix salty food #lifehacks #shorts,Problem Solved,UC6VroAlEXUAT1OkH61TK_KA,2022-04-08T19:08:19Z,,,26,PT33S,219816,8089,N/A,108,0,https://www.youtube.com/watch?v=r_q27WYhCYc,hd,false,False,rectangular,public,{}
v_lKKIzEqAY,The Luckiest Crime Ever #shorts,Andy Jiang,UCVrEHNmwOcTM85daIG6PSVg,2024-07-13T03:39:16Z,,,24,PT1M,609225,81480,N/A,443,0,https://www.youtube.com/watch?v=v_lKKIzEqAY,hd,false,True,rectangular,public,{}
GRkR5LT5khA,We Just Touched the Sun for the First Time Ever,BRIGHT SIDE,UC4rlAVgAK0SGk-yTfe48Qpw,2022-02-05T04:00:02Z,"Breaking news: human technology has touched the Sun! Wow! How's that for a breakthrough? Parker Solar Probe was launched in 2018 to explore the Sun and travelled closer to the scorching-hot giant than any spacecraft before. NASA spacecraft entered the solar atmosphere, making it the first time a piece of human technology touched the Sun.

What else did the spacecraft find out? Did it uncover any mysteries of the Sun? By the way, researchers are expecting another approaches in 2022. There're even plans for the probe to make a fly-by around Venus. It'll gain more speed and approach the Sun at a record close distance. I'll make sure to tell you all about it!

Read more: https://brightside.me/articles/nasas-spacecraft-touched-the-sun-for-the-first-time-ever-814609/?utm_source=youtube&utm_medium=seo&utm_campaign=video_transcript 

#brightside

TIMESTAMPS
Parker Solar Probe 00:00
Travel to the Sun 01:24
Perihelion and aphelion 02:00
April 2021 03:08
The structure of the Sun 03:20
The core 03:23
The radiation zone 03:42
The convection zone 04:03
Chromosphere 04:56
The corona 05:06
The journey continued 06:24
The solar winds 08:20

Animation is created by Bright Side.
----------------------------------------------------------------------------------------
Music by Epidemic Sound https://www.epidemicsound.com 

Check our Bright Side podcast on Spotify and leave a positive review! https://open.spotify.com/show/0hUkPxD34jRLrMrJux4VxV 

Subscribe to Bright Side: https://goo.gl/rQTJZz 
----------------------------------------------------------------------------------------
Our Social Media:
Facebook: https://www.facebook.com/brightside 
Instagram: https://www.instagram.com/brightside.official
TikTok: https://www.tiktok.com/@brightside.official?lang=en 

Stock materials (photos, footages and other):
https://www.depositphotos.com
https://www.shutterstock.com
https://www.eastnews.ru
----------------------------------------------------------------------------------------

For more videos and articles visit:
http://www.brightside.me","bright side,brightside,NASA spacecraft,touch the sun,spacecraft touched the Sun,sun probe,space journey,unusual star,recent space discoveries,black hole,white hole,journey to space,core,facts about space,facts about space and planets,facts about space and the universe,facts about space and the solar system,facts about space bright side,bright side space facts,facts about the Universe,mind blowing facts about space,beautiful facts about space",24,PT9M4S,178762,4043,N/A,289,0,https://www.youtube.com/watch?v=GRkR5LT5khA,hd,false,False,rectangular,public,{}
s4lc_YRSebI,Randy learned just how dangerous Jacob Fatu is ğŸ˜³,WWE,UCJ5v_MCY6GNUBTO8-D3XoAg,2024-07-12T16:20:40Z,,"wwe,world wrestling entertainment,wrestling,combat sports,wrestler,wrestle,superstars,à¤•à¥à¤¶à¥à¤¤à¥€,à¤ªà¤¹à¤²à¤µà¤¾à¤¨,à¤¡à¤¬à¥à¤²à¥‚ à¤¡à¤¬à¥à¤²à¥‚ à¤ˆ,à¤®à¥ˆà¤š,à¤¸à¥à¤ªà¤°à¤¸à¥à¤Ÿà¤¾à¤°,à¤µà¥à¤¯à¤¾à¤µà¤¸à¤¾à¤¯à¤¿à¤• à¤•à¥à¤¶à¥à¤¤à¥€,Ù…ØµØ§Ø±Ø¹Ù‡,wwe 2024,Monday night raw,wwe raw clips,NXT Tuesday,wwe nxt clips,Friday night smackdown,wwe smackdown clips,wwe shorts,wwe show shorts",17,PT27S,418293,27253,N/A,367,0,https://www.youtube.com/watch?v=s4lc_YRSebI,hd,false,True,rectangular,public,{}
I9pcUVGTnkk,Mera favourite hai ye Rasam #shorts #bristihomekitchen #Rasam,Bristi Home Kitchen,UCvtytxOt_ajiYjtaA9lhLkQ,2024-07-13T08:56:18Z,,,26,PT1M1S,515995,20529,N/A,118,0,https://www.youtube.com/watch?v=I9pcUVGTnkk,hd,false,True,rectangular,public,{}
5aKJrysT-_M,WOW! COOL ART CHALLENGE! FIRST TO FINISH ART SCHOOL WINS || Funny Handmade And Best Hacks by 123 GO!,123 GO!,UCBXNpF6k2n8dsI6nBH8q4sQ,2021-04-23T15:00:08Z,"So you think youâ€™re creative, huh? Letâ€™s put your artsy brain to the test. Could you ace a class in art school? Weâ€™ll be the judge of that.

Think you could create art as great as this? Put your skills to the test and hold a contest with your friends!Â 
Watch these yet? Subscribe to our YouTube page so you never miss out on our great videos!
#123GO #challenge #drawing

This video is made for entertainment purposes. We do not make any warranties about the completeness, safety and reliability. Any action you take upon the information on this video is strictly at your own risk, and we will not be liable for any damages or losses. It is the viewer's responsibility to use judgment, care and precautions if one plans to replicate.

The following video might feature activity performed by our actors within controlled environment - please use judgment, care, and precaution if you plan to replicate. 

Music by Epidemic Sound: https://www.epidemicsound.com/â€‹

Stock materials:
https://www.depositphotos.comâ€‹
https://www.shutterstock.comâ€‹

All product and company names shown in the video are trademarksâ„¢ or registeredÂ® trademarks of their respective holders. Use of them does not imply any affiliation with or endorsement by them.",#123go,26,PT9M,901698,8693,N/A,454,0,https://www.youtube.com/watch?v=5aKJrysT-_M,hd,true,True,rectangular,public,{}
7JxXX4Qg1P8,"11 Strongest Insects Nothing Can Stop, Not Even a Car",BRIGHT SIDE,UC4rlAVgAK0SGk-yTfe48Qpw,2021-02-11T15:00:02Z,"? Find the coolest MERCH  at Bright Side's Amazon store (US only): http://amzn.to/3tkGbpY

Yeah, insects are scary and make your skin crawl. But there's always comfort in knowing that you have size on your side. Well, maybe not! ? There are bugs out there that are unstoppable. Not even a car can squish them! 

The secret's in their exoskeleton. That's when your bones are on the outside of your body. Like a natural built-in armor, it gives them super-strength any comic book superhero would envy! So, here's the question: what if humans had exoskeletons too? You could lift a thousand times your own weight, jump the distance of a whole football field, survive falling from a plane with no parachute! That and so much more, check it out! ??

#brightside

Preview photo credit: 

BOLOGNA, ITALY - 2 DECEMBER 2010: Stuntman Show with Tir Truck at the Bologna Motor Show. Italy: By Mau47/Shutterstock.com, https://www.shutterstock.com/image-photo/bologna-italy-2-december-2010-stuntman-1205384209

Texas Ironclad Beetle (Zopheridae, Zopherus nodulosus haldemani): By Alejandro Santillano/The University of Texas at Austin, Public Domain https://creativecommons.org/publicdomain/zero/1.0, https://flic.kr/p/GqTDAa

Animation is created by Bright Side.

We know how to lift your mood! Our App - https://bit.ly/3g9KM8j.

----------------------------------------------------------------------------------------
Music by Epidemic Sound  https://www.epidemicsound.com/

Subscribe to Bright Side : https://goo.gl/rQTJZz
----------------------------------------------------------------------------------------
Our Social Media:
Facebook: https://www.facebook.com/brightside/
Instagram: https://www.instagram.com/brightgram/
5-Minute Crafts Youtube: https://www.goo.gl/8JVmuC

Stock materials (photos, footages and other):
https://www.depositphotos.com
https://www.shutterstock.com
https://www.eastnews.ru

----------------------------------------------------------------------------------------
For more videos and articles visit:
http://www.brightside.me/","bright side,brightside",26,PT8M31S,443880,7488,N/A,516,0,https://www.youtube.com/watch?v=7JxXX4Qg1P8,hd,false,False,rectangular,public,{}
21C5NaXroP0,29 Secrets of Things You Use Often,BRIGHT SIDE,UC4rlAVgAK0SGk-yTfe48Qpw,2021-07-22T15:00:01Z,"We're so used to seeing certain everyday things that we stop paying attention to so many details! Very often the most ingenious ideas are hidden behind unremarkable features. For example, those toilet seat covers - are you sure you use them right? Check yourself with the help go this video. Here're 29 secrets of common objects you've been using wrong the whole time! 

#brightside #lifehacks #hiddenpurpose

Animation is created by Bright Side.
----------------------------------------------------------------------------------------
Music by Epidemic Sound  https://www.epidemicsound.com/

Subscribe to Bright Side : https://goo.gl/rQTJZz
----------------------------------------------------------------------------------------
Our Social Media:
Facebook: https://www.facebook.com/brightside/
Instagram: https://www.instagram.com/brightgram/
5-Minute Crafts Youtube: https://www.goo.gl/8JVmuC

Stock materials (photos, footages and other):
https://www.depositphotos.com
https://www.shutterstock.com
https://www.eastnews.ru

----------------------------------------------------------------------------------------
For more videos and articles visit:
http://www.brightside.me/

Our App http://bit.ly/3a4dTr5","bright side,brightside,bright side videos,hiddenfunctions,hidden uses everyday items,secret uses for everyday things,things with a hidden purpose,interesting facts,amazing facts,what's that for,original purpose,bright side facts,random facts,did you,know,product secrets,simple life hacks,lifehacks,everyday objects with hidden purpose,everyday items with hidden purpose,true purpose,public bathroom,seat cover,toilet seat cover,oven,cooking tips",26,PT8M33S,196035,4329,N/A,260,0,https://www.youtube.com/watch?v=21C5NaXroP0,hd,false,False,rectangular,public,{}
8l4XdbSCtLQ,E bike ride - toddler style!,Rockstar Harley,UCRFhz0G5fZ-NM0d_uVgC8FQ,2022-04-04T13:00:04Z,"Electric bike family rides - even with our 3 year old riding the e bike restricted right down it sure was a work out to keep up with him on our MTB's ğŸ¤£ 

Recently Harleys starting to enjoy more and more features while on a ride - he'll aim for a tree root or a step... try to get up and down a steeper bank... possibly due to him gaining in experience and confidence with his riding but possibly also because the suspension on this little Oset Mx10 e bike is great for absorbing the bumps so well!

Harley started out on a Revvi 12 inch kids electric bike - you can find them here:
https://www.revvi.co.uk

Harley won't go for a bike ride without his TiGo 'body' on - it's soft and fits like a t-shirt, yet protects them so well from falls - check it out here:
https://www.tigobikes.com

#3yearsold #bikeride #ebike #family #ride  #oset #bikelife","E bike,Ebike,Electric bike,Kids bike,Best kids bike,Kids electric bike,Kids bikes,Family bike ride,Riding with a toddler,Exercise with kids,Exercise with a toddler,Keeping fit,Oset,Oset Mx10,Start em young,kids that ride,biking toddler,easy bike tricks,motorbike,motorbike kids,kids motorbike,stunt riding,stunt kid,learning to stunt,bike stunt,bike control,learning bike control,motorbike control,3 year old biker,3 year old bike rider,3 anos",17,PT16S,86055583,1192802,N/A,0,0,https://www.youtube.com/watch?v=8l4XdbSCtLQ,hd,false,True,rectangular,public,{}
PhH-A4-mbYs,STAND TO STAND BRIDGE: Tutorial,Hybrid Calisthenics,UCeJFgNahi--FKs0oJyeRDEw,2021-03-21T07:55:22Z,"Hello friends! Sometimes I know a video isn't going to be very popular, yet I want to make it anyway.

Bridges, and especially ""stand to stand"" bridges, are not a very popular exercise. Not many people will search for them or even see them as beneficial.

However, they're one of my favorite exercises and a part of my routine!

After becoming very good at regular bridges (extend your limbs and breath normally throughout the set), experiment with single leg variations.

Then try walking in the bridge position. Walking uphill makes it a bit easier.

Then you can find a pole, tree, or wall and use it to help you on the way up or down.

BE VERY CAREFUL while doing this step and subsequent steps. If you lean back and feel dizzy or lightheaded, stop immediately. Go warm up, and come back in a few minutes. You DO NOT want to pass out in this position.

Soon you'll be able to go lower and lower without assistance from the wall! Success!

You want to imagine bending your body back into a circle or a ""wheel."" The bridge is also called the Wheel Pose in yoga! Try to envision touching your fingers to your toes, even if you can't come close to this.

Soon you'll be able to do this move! 

Legal Notice: Consult your doctor before beginning any kind of exercise program. This video does not replace a physical therapy program or consultation with a medical professional.

#shorts #hybridcalisthenics 

---
Free Fitness Routine: https://www.hybridcalisthenics.com/routine 

Join our Discord community! https://www.hybridcalisthenics.com/discord

Shirts: https://www.bonfire.com/store/hybridcalisthenics

---
Instagram: https://www.hybridcalisthenics.com/instagram
YouTube: https://www.hybridcalisthenics.com/youtube
FaceBook: https://www.hybridcalisthenics.com/facebook
Twitter: https://www.hybridcalisthenics.com/twitter
Twitch: https://www.hybridcalisthenics.com/twitch
TikTok: https://www.hybridcalisthenics.com/tiktok
Tumblr: https://www.hybridcalisthenics.com/tumblr
Patreon: https://www.hybridcalisthenics.com/patreon
Subreddit: https://www.hybridcalisthenics.com/subreddit 
Linkedin: https://www.linkedin.com/company/hybridcalisthenics 

All Other Links:
https://www.linktr.ee/HybridCalisthenics",,22,PT1M,364314,26849,N/A,504,0,https://www.youtube.com/watch?v=PhH-A4-mbYs,hd,false,True,rectangular,public,{}
WtU1g_RG4D8,Emeron Lovely Naturals Sakura,Emeron Lovely Official,UC5H-YDiyQoTWP0bRM_SAuWw,2020-08-10T05:58:15Z,"Kulit lembap, halus dan lembut emang bisa bikin gemes. Makanya, pakai Emeron Lovely Naturals Sakura BARU! Dengan ekstrak bunga sakura dan kandungan vitamin E dan B5, bikin kulit lembut dan lembap lebih lama.

Yuk, cobain sekarang!

#CantiknyaMerata
#BeLovelyBeReady",,24,PT15S,11692281,41,N/A,0,0,https://www.youtube.com/watch?v=WtU1g_RG4D8,hd,false,False,rectangular,public,{}
K97kglKj5pU,"To Wake Up Easier, Clench Your Fists And Say â€œYeah""",BRIGHT SIDE,UC4rlAVgAK0SGk-yTfe48Qpw,2020-07-14T11:00:10Z,"Itâ€™s morning. The alarm rings. You wake up feeling tired and push the snooze button. Ten minutes later, it rings again. You're feeling worse now and stay in bed a little longer. Then you realize you're late for work, and finally, get upâ€¦exhausted. Sounds familiar? Then this video is for you. How to make waking up easier and force yourself to wake up earlier? 

Well, if you wake up tired, the first thing you should do is stop hitting the snooze button! Always get up at the first sound of your alarm clock. It'll be much more difficult to get up after the second, third, or fourth ring. Ten minutes of extra sleep won't make you feel any better. In fact, every time your alarm wakes you up, you experience stress, so don't do it again and again â€“ just turn it off and get up straight away. But there are other ways to banish morning fatigue.

#brightside

EPISODES:
Stop hitting the snooze button 00:00
Say â€œYeaaaaaaah!â€ real loud 0:43
Trick your brain a little 1:16
How about a cold shower? 1:52
Drink water with lemon juice 2:11
Make your bed 2:47
Give your head a little massage 3:11
Solve at least one puzzle 3:57
No smartphone 4:18
Stick to the correct sleep cycle 4:41
The best alarm tone 5:05
A great natural alarm clock 5:37
A weird method 6:38
Do something out of the ordinary 7:08

Music by Epidemic Sound  https://www.epidemicsound.com/

Subscribe to Bright Side : https://goo.gl/rQTJZz
----------------------------------------------------------------------------------------
Our Social Media:
Facebook: https://www.facebook.com/brightside/
Instagram: https://www.instagram.com/brightgram/
5-Minute Crafts Youtube: https://www.goo.gl/8JVmuC

Stock materials (photos, footages and other):
https://www.depositphotos.com
https://www.shutterstock.com
https://www.eastnews.ru

----------------------------------------------------------------------------------------
For more videos and articles visit:
http://www.brightside.me/","bright side,brightside,bright side videos,how to wake up early,how to wake up in the morning,how to wake up to your alarm,how to wake up early when you sleep late,how to wake up and not feel tired,why so tired in the morning,can't get up in the morning,can't wake up in the morning,early morning fatigue,always tired in the morning,feeling fatigue in the morning,why i am always tired in the morning,how to wake up happy,restful sleep",24,PT7M47S,169978,N/A,N/A,642,0,https://www.youtube.com/watch?v=K97kglKj5pU,hd,false,False,rectangular,public,{}
jwnuVulMvV4,Tango Reserve by AgilQuest Workplace Management for Your Dynamic Workplace,AgilQuest by Tango,UC0w8OA_NX8fQcm093SYta1A,2020-11-20T15:31:01Z,"Tango Reserve by AgilQuest (previously known as Forum) is an innovative workspace, meeting room, and office amenity booking platform that gives users the power to remain flexible and productive, and helps organizations support a dynamic workplace and gain office space utilization data and insights.  

See how it works in this overview video.  For more information visit https://agilquest.com/tango-reserve",,28,PT3M28S,178026,6,N/A,0,0,https://www.youtube.com/watch?v=jwnuVulMvV4,hd,false,False,rectangular,public,{}
BdbX9VmOTCw,"How Many Steps a Day You Really Need (Not 10,000)",BRIGHT SIDE,UC4rlAVgAK0SGk-yTfe48Qpw,2021-04-17T15:00:03Z,"Should we really take 10,000 steps a day? Since we're all different, it can be more than enough for you to stay healthy but not nearly enough for your friend. So how many steps do we need?

#brightside

ğŸ’¡ Our MERCH store for your Bright style (ships worldwide!): http://bit.ly/2OJubyA
----------------------------------------------------------------------------------------
Music by Epidemic Sound  https://www.epidemicsound.com/

Subscribe to Bright Side : https://goo.gl/rQTJZz
----------------------------------------------------------------------------------------
Our Social Media:
Facebook: https://www.facebook.com/brightside/
Instagram: https://www.instagram.com/brightgram/
5-Minute Crafts Youtube: https://www.goo.gl/8JVmuC

Stock materials (photos, footages and other):
https://www.depositphotos.com
https://www.shutterstock.com
https://www.eastnews.ru

----------------------------------------------------------------------------------------
For more videos and articles visit:
http://www.brightside.me/

Our App http://bit.ly/3a4dTr5","bright side,brightside,10000 steps,ten thousand steps,sport myths,health myths,myths about health,health myths debunked,false myths,popular myths,myth debunking,myth or truth,myth or fact,myth or reality,true or false test,myths and truths,myths that your parents told you,how many steps a day we need,steps a day,cracking knuckles,pull out grey hair,workout at night,workout before bedtime,diet,canned food,eating sugar,sugar consumption",26,PT9M29S,126506,3579,N/A,398,0,https://www.youtube.com/watch?v=BdbX9VmOTCw,hd,false,False,rectangular,public,{}
pPRs4UopPPw,F the haters,Doobydobap,UCh8gHdtzO2tXd593_bjErWg,2022-01-02T15:13:57Z,"#shorts #okonomiyaki
If you want to see more of the lessons I've learned in 2021, you can check it out here https://youtu.be/gwb8r8aHNGE

Music: Soon- AGST

Instagram @doobydobap  
Join my discord! ğŸ˜ˆ
https://discord.gg/doobyverse
www.doobydobap.com for recipes & stories","vlog,foodie,korean,japanese,okonomiyaki,cabbage,lisa nguyen,ramen,ramen challenge,street food,asmr,recipe,cooking,food,food porn,life lessons,ted talk,inspirational,fun stories,anecdote,story telling,japanese food,japan,home cooking,asian food",22,PT1M,5445701,423968,N/A,3561,0,https://www.youtube.com/watch?v=pPRs4UopPPw,hd,false,True,rectangular,public,{}
GhQT929Bh6Q,PrÃ©sident Gastronomique - O que Ã© que essa manteiga tem?,Queijos PrÃ©sident,UCjkw9hA2snJyEaadfMrQRrg,2019-08-19T18:55:25Z,"PrÃ©sident Gastronomique Ã© a manteiga preferida dos chefs, pois tem receita francesa com um toque especial.",,22,PT16S,22009419,4007,N/A,103,0,https://www.youtube.com/watch?v=GhQT929Bh6Q,hd,false,False,rectangular,public,{}
